name	version	license
ab_glyph	0.2.32	Apache-2.0
ab_glyph_rasterizer	0.1.10	Apache-2.0
accesskit	0.21.1	MIT OR Apache-2.0
accesskit_atspi_common	0.14.2	MIT OR Apache-2.0
accesskit_consumer	0.31.0	MIT OR Apache-2.0
accesskit_macos	0.22.2	MIT OR Apache-2.0
accesskit_unix	0.17.2	MIT OR Apache-2.0
accesskit_windows	0.29.2	MIT OR Apache-2.0
accesskit_winit	0.29.2	Apache-2.0
adler2	2.0.1	0BSD OR MIT OR Apache-2.0
ahash	0.8.12	MIT OR Apache-2.0
aho-corasick	1.1.4	Unlicense OR MIT
aligned	0.4.3	MIT OR Apache-2.0
aligned-vec	0.6.4	MIT
allocator-api2	0.2.21	MIT OR Apache-2.0
alsa	0.11.0	Apache-2.0/MIT
alsa-sys	0.4.0	MIT
android-activity	0.6.0	MIT OR Apache-2.0
android-properties	0.2.2	MIT
android_system_properties	0.1.5	MIT/Apache-2.0
annotate-snippets	0.11.5	MIT OR Apache-2.0
anstream	0.6.21	MIT OR Apache-2.0
anstyle	1.0.13	MIT OR Apache-2.0
anstyle-parse	0.2.7	MIT OR Apache-2.0
anstyle-query	1.1.5	MIT OR Apache-2.0
anstyle-wincon	3.0.11	MIT OR Apache-2.0
anyhow	1.0.102	MIT OR Apache-2.0
anymap3	1.0.1	BlueOak-1.0.0 OR MIT OR Apache-2.0
arbitrary	1.4.2	MIT OR Apache-2.0
arboard	3.6.1	MIT OR Apache-2.0
arg_enum_proc_macro	0.3.4	MIT
array-init	2.1.0	MIT OR Apache-2.0
arrayref	0.3.9	BSD-2-Clause
arrayvec	0.7.6	MIT OR Apache-2.0
as-raw-xcb-connection	1.0.1	MIT OR Apache-2.0
as-slice	0.2.1	MIT OR Apache-2.0
ash	0.38.0+1.3.281	MIT OR Apache-2.0
asn1-rs	0.7.1	MIT OR Apache-2.0
asn1-rs-derive	0.6.0	MIT OR Apache-2.0
asn1-rs-impl	0.2.0	MIT/Apache-2.0
async-broadcast	0.7.2	MIT OR Apache-2.0
async-channel	2.5.0	Apache-2.0 OR MIT
async-executor	1.14.0	Apache-2.0 OR MIT
async-io	2.6.0	Apache-2.0 OR MIT
async-lock	3.4.2	Apache-2.0 OR MIT
async-process	2.5.0	Apache-2.0 OR MIT
async-recursion	1.1.1	MIT OR Apache-2.0
async-signal	0.2.13	Apache-2.0 OR MIT
async-task	4.7.1	Apache-2.0 OR MIT
async-trait	0.1.89	MIT OR Apache-2.0
atoi	2.0.0	MIT
atomic-waker	1.1.2	Apache-2.0 OR MIT
atspi	0.25.0	Apache-2.0 OR MIT
atspi-common	0.9.0	Apache-2.0 OR MIT
atspi-connection	0.9.0	Apache-2.0 OR MIT
atspi-proxies	0.9.0	Apache-2.0 OR MIT
atty	0.2.14	MIT
audio-core	0.2.1	MIT OR Apache-2.0
audioadapter	2.0.0	MIT
audioadapter-buffers	2.0.0	MIT
audioadapter-sample	2.0.0	MIT
audiopus_sys	0.2.2	ISC
autocfg	1.5.0	Apache-2.0 OR MIT
av-scenechange	0.14.1	MIT
av1-grain	0.2.5	BSD-2-Clause
avif-serialize	0.8.8	BSD-3-Clause
aws-lc-rs	1.16.0	ISC AND (Apache-2.0 OR ISC)
aws-lc-rs	1.16.1	ISC AND (Apache-2.0 OR ISC)
aws-lc-sys	0.37.1	ISC AND (Apache-2.0 OR ISC) AND OpenSSL
aws-lc-sys	0.38.0	ISC AND (Apache-2.0 OR ISC) AND OpenSSL
base64	0.22.1	MIT OR Apache-2.0
base64ct	1.8.3	Apache-2.0 OR MIT
bindgen	0.72.1	BSD-3-Clause
bit-set	0.8.0	Apache-2.0 OR MIT
bit-vec	0.8.0	Apache-2.0 OR MIT
bitflags	1.3.2	MIT/Apache-2.0
bitflags	2.11.0	MIT OR Apache-2.0
bitstream-io	4.9.0	MIT/Apache-2.0
block	0.1.6	MIT
block-buffer	0.10.4	MIT OR Apache-2.0
block2	0.5.1	MIT
block2	0.6.2	MIT
blocking	1.6.2	Apache-2.0 OR MIT
built	0.8.0	MIT
bumpalo	3.20.2	MIT OR Apache-2.0
bytemuck	1.25.0	Zlib OR Apache-2.0 OR MIT
bytemuck_derive	1.10.2	Zlib OR Apache-2.0 OR MIT
byteorder	1.5.0	Unlicense OR MIT
byteorder-lite	0.1.0	Unlicense OR MIT
bytes	1.11.1	MIT
calloop	0.13.0	MIT
calloop	0.14.4	MIT
calloop-wayland-source	0.3.0	MIT
calloop-wayland-source	0.4.1	MIT
cc	1.2.56	MIT OR Apache-2.0
cesu8	1.1.0	Apache-2.0/MIT
cexpr	0.6.0	Apache-2.0/MIT
cfb	0.7.3	MIT
cfg-expr	0.20.6	MIT OR Apache-2.0
cfg-if	0.1.10	MIT/Apache-2.0
cfg-if	1.0.4	MIT OR Apache-2.0
cfg_aliases	0.2.1	MIT
cgl	0.3.2	MIT / Apache-2.0
chacha20	0.10.0	MIT OR Apache-2.0
chrono	0.4.44	MIT OR Apache-2.0
clang-sys	1.8.1	Apache-2.0
clap	3.2.25	MIT OR Apache-2.0
clap	4.5.60	MIT OR Apache-2.0
clap_builder	4.5.60	MIT OR Apache-2.0
clap_derive	4.5.55	MIT OR Apache-2.0
clap_lex	0.2.4	MIT OR Apache-2.0
clap_lex	1.0.0	MIT OR Apache-2.0
clipboard-win	5.4.1	BSL-1.0
cmake	0.1.57	MIT OR Apache-2.0
codespan-reporting	0.12.0	Apache-2.0
color_quant	1.1.0	MIT
colorchoice	1.0.4	MIT OR Apache-2.0
combine	4.6.7	MIT
concurrent-queue	2.5.0	Apache-2.0 OR MIT
const-oid	0.9.6	Apache-2.0 OR MIT
convert_case	0.8.0	MIT
cookie-factory	0.3.3	MIT
core-foundation	0.10.1	MIT OR Apache-2.0
core-foundation	0.9.4	MIT OR Apache-2.0
core-foundation-sys	0.8.7	MIT OR Apache-2.0
core-graphics	0.23.2	MIT OR Apache-2.0
core-graphics-types	0.1.3	MIT OR Apache-2.0
core-graphics-types	0.2.0	MIT OR Apache-2.0
core2	0.4.0	Apache-2.0 OR MIT
core_maths	0.1.1	MIT
coreaudio-rs	0.14.0	MIT/Apache-2.0
cosmic-text	0.18.2	MIT OR Apache-2.0
cpal	0.17.3	Apache-2.0
cpufeatures	0.2.17	MIT OR Apache-2.0
cpufeatures	0.3.0	MIT OR Apache-2.0
crc	3.4.0	MIT OR Apache-2.0
crc-catalog	2.4.0	MIT OR Apache-2.0
crc32fast	1.5.0	MIT OR Apache-2.0
crossbeam-channel	0.5.15	MIT OR Apache-2.0
crossbeam-deque	0.8.6	MIT OR Apache-2.0
crossbeam-epoch	0.9.18	MIT OR Apache-2.0
crossbeam-queue	0.3.12	MIT OR Apache-2.0
crossbeam-utils	0.8.21	MIT OR Apache-2.0
crunchy	0.2.4	MIT
crypto-common	0.1.7	MIT OR Apache-2.0
cursor-icon	1.2.0	MIT OR Apache-2.0 OR Zlib
dashmap	6.1.0	MIT
dasp	0.11.0	MIT OR Apache-2.0
dasp_envelope	0.11.0	MIT OR Apache-2.0
dasp_frame	0.11.0	MIT OR Apache-2.0
dasp_interpolate	0.11.0	MIT OR Apache-2.0
dasp_peak	0.11.0	MIT OR Apache-2.0
dasp_ring_buffer	0.11.0	MIT OR Apache-2.0
dasp_rms	0.11.0	MIT OR Apache-2.0
dasp_sample	0.11.0	MIT OR Apache-2.0
dasp_signal	0.11.0	MIT OR Apache-2.0
dasp_slice	0.11.0	MIT OR Apache-2.0
dasp_window	0.11.1	MIT OR Apache-2.0
data-encoding	2.10.0	MIT
der	0.7.10	Apache-2.0 OR MIT
der-parser	10.0.0	MIT OR Apache-2.0
deranged	0.5.7	MIT OR Apache-2.0
deranged	0.5.8	MIT OR Apache-2.0
derive_more	2.1.1	MIT
derive_more-impl	2.1.1	MIT
digest	0.10.7	MIT OR Apache-2.0
dirs	6.0.0	MIT OR Apache-2.0
dirs-sys	0.5.0	MIT OR Apache-2.0
dispatch	0.2.0	MIT
dispatch2	0.3.0	Zlib OR Apache-2.0 OR MIT
displaydoc	0.2.5	MIT OR Apache-2.0
dlib	0.5.2	MIT
document-features	0.2.12	MIT OR Apache-2.0
dotenvy	0.15.7	MIT
downcast-rs	1.2.1	MIT/Apache-2.0
dpi	0.1.2	Apache-2.0 AND MIT
dunce	1.0.5	CC0-1.0 OR MIT-0 OR Apache-2.0
easyfft	0.4.2	MIT OR Apache-2.0
ecolor	0.33.3	MIT OR Apache-2.0
eframe	0.33.3	MIT OR Apache-2.0
egui	0.33.3	MIT OR Apache-2.0
egui-wgpu	0.33.3	MIT OR Apache-2.0
egui-winit	0.33.3	MIT OR Apache-2.0
egui_extras	0.33.3	MIT OR Apache-2.0
egui_glow	0.33.3	MIT OR Apache-2.0
either	1.15.0	MIT OR Apache-2.0
emath	0.33.3	MIT OR Apache-2.0
endi	1.1.1	MIT
enum-map	2.7.3	MIT OR Apache-2.0
enum-map-derive	0.17.0	MIT OR Apache-2.0
enumflags2	0.7.12	MIT OR Apache-2.0
enumflags2_derive	0.7.12	MIT OR Apache-2.0
epaint	0.33.3	MIT OR Apache-2.0
epaint_default_fonts	0.33.3	(MIT OR Apache-2.0) AND OFL-1.1 AND Ubuntu-font-1.0
equator	0.4.2	MIT
equator-macro	0.4.2	MIT
equivalent	1.0.2	Apache-2.0 OR MIT
errno	0.3.14	MIT OR Apache-2.0
error-code	3.3.2	BSL-1.0
etcetera	0.8.0	MIT OR Apache-2.0
event-listener	5.4.1	Apache-2.0 OR MIT
event-listener-strategy	0.5.4	Apache-2.0 OR MIT
fastbloom	0.14.1	MIT OR Apache-2.0
fastrand	2.3.0	Apache-2.0 OR MIT
fax	0.2.6	MIT
fax_derive	0.2.0	MIT
fdeflate	0.3.7	MIT OR Apache-2.0
find-msvc-tools	0.1.9	MIT OR Apache-2.0
fixedbitset	0.5.7	MIT OR Apache-2.0
flate2	1.1.9	MIT OR Apache-2.0
flume	0.11.1	Apache-2.0/MIT
fnv	1.0.7	Apache-2.0 / MIT
foldhash	0.1.5	Zlib
foldhash	0.2.0	Zlib
font-types	0.10.1	MIT OR Apache-2.0
font-types	0.11.0	MIT OR Apache-2.0
fontconfig-parser	0.5.8	MIT
fontdb	0.23.0	MIT
foreign-types	0.5.0	MIT/Apache-2.0
foreign-types-macros	0.2.3	MIT/Apache-2.0
foreign-types-shared	0.3.1	MIT/Apache-2.0
form_urlencoded	1.2.2	MIT OR Apache-2.0
fs_extra	1.3.0	MIT
futures-channel	0.3.32	MIT OR Apache-2.0
futures-core	0.3.32	MIT OR Apache-2.0
futures-executor	0.3.32	MIT OR Apache-2.0
futures-intrusive	0.5.0	MIT OR Apache-2.0
futures-io	0.3.32	MIT OR Apache-2.0
futures-lite	2.6.1	Apache-2.0 OR MIT
futures-macro	0.3.32	MIT OR Apache-2.0
futures-sink	0.3.32	MIT OR Apache-2.0
futures-task	0.3.32	MIT OR Apache-2.0
futures-util	0.3.32	MIT OR Apache-2.0
generic-array	0.14.7	MIT
generic_singleton	0.5.1	MIT OR Apache-2.0
gethostname	1.1.0	Apache-2.0
getrandom	0.2.17	MIT OR Apache-2.0
getrandom	0.3.4	MIT OR Apache-2.0
getrandom	0.4.1	MIT OR Apache-2.0
getrandom	0.4.2	MIT OR Apache-2.0
gif	0.14.1	MIT OR Apache-2.0
gl_generator	0.14.0	Apache-2.0
glob	0.3.3	MIT OR Apache-2.0
glow	0.16.0	MIT OR Apache-2.0 OR Zlib
glutin	0.32.3	Apache-2.0
glutin-winit	0.5.0	MIT
glutin_egl_sys	0.7.1	Apache-2.0
glutin_glx_sys	0.6.1	Apache-2.0
glutin_wgl_sys	0.6.1	Apache-2.0
gpu-alloc	0.6.0	MIT OR Apache-2.0
gpu-alloc-types	0.3.0	MIT OR Apache-2.0
gpu-allocator	0.27.0	MIT OR Apache-2.0
gpu-descriptor	0.3.2	MIT OR Apache-2.0
gpu-descriptor-types	0.2.0	MIT OR Apache-2.0
h2	0.4.13	MIT
half	2.7.1	MIT OR Apache-2.0
harfrust	0.5.0	MIT
hashbrown	0.12.3	MIT OR Apache-2.0
hashbrown	0.14.5	MIT OR Apache-2.0
hashbrown	0.15.5	MIT OR Apache-2.0
hashbrown	0.16.1	MIT OR Apache-2.0
hashlink	0.10.0	MIT OR Apache-2.0
heck	0.5.0	MIT OR Apache-2.0
hermit-abi	0.1.19	MIT/Apache-2.0
hermit-abi	0.5.2	MIT OR Apache-2.0
hex	0.4.3	MIT OR Apache-2.0
hexf-parse	0.2.1	CC0-1.0
hkdf	0.12.4	MIT OR Apache-2.0
hmac	0.12.1	MIT OR Apache-2.0
home	0.5.12	MIT OR Apache-2.0
hound	3.5.1	Apache-2.0
http	1.4.0	MIT OR Apache-2.0
http-body	1.0.1	MIT
http-body-util	0.1.3	MIT
httparse	1.10.1	MIT OR Apache-2.0
httpdate	1.0.3	MIT OR Apache-2.0
humantime	2.3.0	MIT OR Apache-2.0
hyper	1.8.1	MIT
hyper-rustls	0.27.7	Apache-2.0 OR ISC OR MIT
hyper-util	0.1.20	MIT
iana-time-zone	0.1.65	MIT OR Apache-2.0
iana-time-zone-haiku	0.1.2	MIT OR Apache-2.0
icu_collections	2.1.1	Unicode-3.0
icu_locale_core	2.1.1	Unicode-3.0
icu_normalizer	2.1.1	Unicode-3.0
icu_normalizer_data	2.1.1	Unicode-3.0
icu_properties	2.1.2	Unicode-3.0
icu_properties_data	2.1.2	Unicode-3.0
icu_provider	2.1.1	Unicode-3.0
id-arena	2.3.0	MIT/Apache-2.0
idna	1.1.0	MIT OR Apache-2.0
idna_adapter	1.2.1	Apache-2.0 OR MIT
image	0.25.9	MIT OR Apache-2.0
image-webp	0.2.4	MIT OR Apache-2.0
imgref	1.12.0	CC0-1.0 OR Apache-2.0
indexmap	1.9.3	Apache-2.0 OR MIT
indexmap	2.13.0	Apache-2.0 OR MIT
infer	0.19.0	MIT
interpolate_name	0.2.4	MIT
ipnet	2.11.0	MIT OR Apache-2.0
ipnet	2.12.0	MIT OR Apache-2.0
is-docker	0.2.0	MIT
is-wsl	0.4.0	MIT
is_terminal_polyfill	1.70.2	MIT OR Apache-2.0
itertools	0.13.0	MIT OR Apache-2.0
itertools	0.14.0	MIT OR Apache-2.0
itoa	1.0.17	MIT OR Apache-2.0
jni	0.21.1	MIT/Apache-2.0
jni-sys	0.3.0	MIT/Apache-2.0
jobserver	0.1.34	MIT OR Apache-2.0
js-sys	0.3.87	MIT OR Apache-2.0
js-sys	0.3.91	MIT OR Apache-2.0
khronos-egl	6.0.0	MIT/Apache-2.0
khronos_api	3.1.0	Apache-2.0
lazy_static	1.5.0	MIT OR Apache-2.0
leb128fmt	0.1.0	MIT OR Apache-2.0
libc	0.2.182	MIT OR Apache-2.0
libfuzzer-sys	0.4.12	(MIT OR Apache-2.0) AND NCSA
libloading	0.8.9	ISC
libm	0.2.16	MIT
libredox	0.1.12	MIT
libredox	0.1.14	MIT
libspa	0.9.2	MIT
libspa-sys	0.9.2	MIT
libsqlite3-sys	0.30.1	MIT
linebender_resource_handle	0.1.1	Apache-2.0 OR MIT
linux-raw-sys	0.11.0	Apache-2.0 WITH LLVM-exception OR Apache-2.0 OR MIT
linux-raw-sys	0.12.1	Apache-2.0 WITH LLVM-exception OR Apache-2.0 OR MIT
linux-raw-sys	0.4.15	Apache-2.0 WITH LLVM-exception OR Apache-2.0 OR MIT
litemap	0.8.1	Unicode-3.0
litrs	1.0.0	MIT OR Apache-2.0
lock_api	0.4.14	MIT OR Apache-2.0
log	0.4.29	MIT OR Apache-2.0
loop9	0.1.5	MIT
lru-slab	0.1.2	MIT OR Apache-2.0 OR Zlib
mach2	0.5.0	BSD-2-Clause OR MIT OR Apache-2.0
malloc_buf	0.0.6	MIT
matchers	0.2.0	MIT
maybe-rayon	0.1.1	MIT
md-5	0.10.6	MIT OR Apache-2.0
memchr	2.8.0	Unlicense OR MIT
memmap2	0.9.10	MIT OR Apache-2.0
memoffset	0.9.1	MIT
metal	0.32.0	MIT OR Apache-2.0
metrics	0.24.3	MIT
metrics-exporter-prometheus	0.18.1	MIT
metrics-util	0.20.1	MIT
mime	0.3.17	MIT OR Apache-2.0
mime_guess2	2.3.1	MIT
minimal-lexical	0.2.1	MIT/Apache-2.0
miniz_oxide	0.8.9	MIT OR Zlib OR Apache-2.0
mio	1.1.1	MIT
moxcms	0.7.11	BSD-3-Clause OR Apache-2.0
multimap	0.10.1	MIT OR Apache-2.0
naga	27.0.3	MIT OR Apache-2.0
ndk	0.9.0	MIT OR Apache-2.0
ndk-context	0.1.1	MIT OR Apache-2.0
ndk-sys	0.6.0+11769913	MIT OR Apache-2.0
new_debug_unreachable	1.0.6	MIT
nix	0.30.1	MIT
nnnoiseless	0.5.2	BSD-3-Clause
nohash-hasher	0.2.0	Apache-2.0 OR MIT
nom	7.1.3	MIT
nom	8.0.0	MIT
noop_proc_macro	0.3.0	MIT
ntapi	0.4.3	Apache-2.0 OR MIT
nu-ansi-term	0.50.3	MIT
num-bigint	0.4.6	MIT OR Apache-2.0
num-bigint-dig	0.8.6	MIT/Apache-2.0
num-complex	0.4.6	MIT OR Apache-2.0
num-conv	0.2.0	MIT OR Apache-2.0
num-derive	0.4.2	MIT OR Apache-2.0
num-integer	0.1.46	MIT OR Apache-2.0
num-iter	0.1.45	MIT OR Apache-2.0
num-rational	0.4.2	MIT OR Apache-2.0
num-traits	0.2.19	MIT OR Apache-2.0
num_enum	0.7.5	BSD-3-Clause OR MIT OR Apache-2.0
num_enum_derive	0.7.5	BSD-3-Clause OR MIT OR Apache-2.0
num_threads	0.1.7	MIT OR Apache-2.0
objc	0.2.7	MIT
objc-sys	0.3.5	MIT
objc2	0.5.2	MIT
objc2	0.6.3	MIT
objc2-app-kit	0.2.2	MIT
objc2-app-kit	0.3.2	Zlib OR Apache-2.0 OR MIT
objc2-audio-toolbox	0.3.2	Zlib OR Apache-2.0 OR MIT
objc2-avf-audio	0.3.2	Zlib OR Apache-2.0 OR MIT
objc2-cloud-kit	0.2.2	MIT
objc2-contacts	0.2.2	MIT
objc2-core-audio	0.3.2	Zlib OR Apache-2.0 OR MIT
objc2-core-audio-types	0.3.2	Zlib OR Apache-2.0 OR MIT
objc2-core-data	0.2.2	MIT
objc2-core-foundation	0.3.2	Zlib OR Apache-2.0 OR MIT
objc2-core-graphics	0.3.2	Zlib OR Apache-2.0 OR MIT
objc2-core-image	0.2.2	MIT
objc2-core-location	0.2.2	MIT
objc2-encode	4.1.0	MIT
objc2-foundation	0.2.2	MIT
objc2-foundation	0.3.2	MIT
objc2-io-kit	0.3.2	Zlib OR Apache-2.0 OR MIT
objc2-io-surface	0.3.2	Zlib OR Apache-2.0 OR MIT
objc2-link-presentation	0.2.2	MIT
objc2-metal	0.2.2	MIT
objc2-quartz-core	0.2.2	MIT
objc2-symbols	0.2.2	MIT
objc2-ui-kit	0.2.2	MIT
objc2-uniform-type-identifiers	0.2.2	MIT
objc2-user-notifications	0.2.2	MIT
oid-registry	0.8.1	MIT OR Apache-2.0
once_cell	1.21.3	MIT OR Apache-2.0
once_cell_polyfill	1.70.2	MIT OR Apache-2.0
open	5.3.3	MIT
openssl-probe	0.2.1	MIT OR Apache-2.0
option-ext	0.2.0	MPL-2.0
opus	0.3.1	MIT/Apache-2.0
orbclient	0.3.50	MIT
ordered-float	5.1.0	MIT
ordered-stream	0.2.0	MIT OR Apache-2.0
os_str_bytes	6.6.1	MIT OR Apache-2.0
owned_ttf_parser	0.25.1	Apache-2.0
parking	2.2.1	Apache-2.0 OR MIT
parking_lot	0.12.5	MIT OR Apache-2.0
parking_lot_core	0.9.12	MIT OR Apache-2.0
paste	1.0.15	MIT OR Apache-2.0
pastey	0.1.1	MIT OR Apache-2.0
pathdiff	0.2.3	MIT/Apache-2.0
pem	3.0.6	MIT
pem-rfc7468	0.7.0	Apache-2.0 OR MIT
percent-encoding	2.3.2	MIT OR Apache-2.0
petgraph	0.7.1	MIT OR Apache-2.0
petgraph	0.8.3	MIT OR Apache-2.0
phf	0.11.3	MIT
phf_generator	0.11.3	MIT
phf_macros	0.11.3	MIT
phf_shared	0.11.3	MIT
pin-project	1.1.10	Apache-2.0 OR MIT
pin-project-internal	1.1.10	Apache-2.0 OR MIT
pin-project-lite	0.2.16	Apache-2.0 OR MIT
pin-project-lite	0.2.17	Apache-2.0 OR MIT
pin-utils	0.1.0	MIT OR Apache-2.0
piper	0.2.4	MIT OR Apache-2.0
pipewire	0.9.2	MIT
pipewire-sys	0.9.2	MIT
pkcs1	0.7.5	Apache-2.0 OR MIT
pkcs8	0.10.2	Apache-2.0 OR MIT
pkg-config	0.3.32	MIT OR Apache-2.0
plain	0.2.3	MIT/Apache-2.0
png	0.18.1	MIT OR Apache-2.0
polling	3.11.0	Apache-2.0 OR MIT
pollster	0.4.0	Apache-2.0/MIT
portable-atomic	1.13.1	Apache-2.0 OR MIT
portable-atomic-util	0.2.5	Apache-2.0 OR MIT
potential_utf	0.1.4	Unicode-3.0
powerfmt	0.2.0	MIT OR Apache-2.0
ppv-lite86	0.2.21	MIT OR Apache-2.0
presser	0.3.1	MIT OR Apache-2.0
prettyplease	0.2.37	MIT OR Apache-2.0
primal-check	0.3.4	MIT OR Apache-2.0
proc-macro-crate	3.4.0	MIT OR Apache-2.0
proc-macro2	1.0.106	MIT OR Apache-2.0
profiling	1.0.17	MIT OR Apache-2.0
profiling-procmacros	1.0.17	MIT OR Apache-2.0
prost	0.13.5	Apache-2.0
prost	0.14.3	Apache-2.0
prost-build	0.13.5	Apache-2.0
prost-build	0.14.3	Apache-2.0
prost-derive	0.13.5	Apache-2.0
prost-derive	0.14.3	Apache-2.0
prost-types	0.13.5	Apache-2.0
prost-types	0.14.3	Apache-2.0
pxfm	0.1.27	BSD-3-Clause OR Apache-2.0
quanta	0.12.6	MIT
quick-error	2.0.1	MIT/Apache-2.0
quick-xml	0.38.4	MIT
quinn	0.11.9	MIT OR Apache-2.0
quinn-proto	0.11.13	MIT OR Apache-2.0
quinn-udp	0.5.14	MIT OR Apache-2.0
quote	1.0.44	MIT OR Apache-2.0
quote	1.0.45	MIT OR Apache-2.0
r-efi	5.3.0	MIT OR Apache-2.0 OR LGPL-2.1-or-later
r-efi	6.0.0	MIT OR Apache-2.0 OR LGPL-2.1-or-later
rand	0.10.0	MIT OR Apache-2.0
rand	0.8.5	MIT OR Apache-2.0
rand	0.9.2	MIT OR Apache-2.0
rand_chacha	0.3.1	MIT OR Apache-2.0
rand_chacha	0.9.0	MIT OR Apache-2.0
rand_core	0.10.0	MIT OR Apache-2.0
rand_core	0.6.4	MIT OR Apache-2.0
rand_core	0.9.5	MIT OR Apache-2.0
rand_xoshiro	0.7.0	MIT OR Apache-2.0
range-alloc	0.1.4	MIT OR Apache-2.0
rangemap	1.7.1	MIT/Apache-2.0
rav1e	0.8.1	BSD-2-Clause
ravif	0.12.0	BSD-3-Clause
raw-cpuid	11.6.0	MIT
raw-window-handle	0.6.2	MIT OR Apache-2.0 OR Zlib
rayon	1.11.0	MIT OR Apache-2.0
rayon-core	1.13.0	MIT OR Apache-2.0
rcgen	0.14.7	MIT OR Apache-2.0
read-fonts	0.35.0	MIT OR Apache-2.0
read-fonts	0.37.0	MIT OR Apache-2.0
realfft	3.5.0	MIT
redox_syscall	0.4.1	MIT
redox_syscall	0.5.18	MIT
redox_syscall	0.7.1	MIT
redox_syscall	0.7.3	MIT
redox_users	0.5.2	MIT
regex	1.12.3	MIT OR Apache-2.0
regex-automata	0.4.14	MIT OR Apache-2.0
regex-syntax	0.8.10	MIT OR Apache-2.0
regex-syntax	0.8.9	MIT OR Apache-2.0
renderdoc-sys	1.1.0	MIT OR Apache-2.0
rfd	0.17.2	MIT
rgb	0.8.53	MIT
ring	0.17.14	Apache-2.0 AND ISC
ringbuf	0.4.8	MIT/Apache-2.0
roxmltree	0.20.0	MIT OR Apache-2.0
rsa	0.9.10	MIT OR Apache-2.0
rubato	1.0.1	MIT
rustc-hash	1.1.0	Apache-2.0/MIT
rustc-hash	2.1.1	Apache-2.0 OR MIT
rustc_version	0.4.1	MIT OR Apache-2.0
rustfft	6.4.1	MIT OR Apache-2.0
rusticata-macros	4.1.0	MIT/Apache-2.0
rustix	0.38.44	Apache-2.0 WITH LLVM-exception OR Apache-2.0 OR MIT
rustix	1.1.3	Apache-2.0 WITH LLVM-exception OR Apache-2.0 OR MIT
rustix	1.1.4	Apache-2.0 WITH LLVM-exception OR Apache-2.0 OR MIT
rustls	0.23.37	Apache-2.0 OR ISC OR MIT
rustls-native-certs	0.8.3	Apache-2.0 OR ISC OR MIT
rustls-pemfile	2.2.0	Apache-2.0 OR ISC OR MIT
rustls-pki-types	1.14.0	MIT OR Apache-2.0
rustls-platform-verifier	0.6.2	MIT OR Apache-2.0
rustls-platform-verifier-android	0.1.1	MIT OR Apache-2.0
rustls-webpki	0.103.9	ISC
rustversion	1.0.22	MIT OR Apache-2.0
ryu	1.0.23	Apache-2.0 OR BSL-1.0
same-file	1.0.6	Unlicense/MIT
schannel	0.1.28	MIT
scoped-tls	1.0.1	MIT/Apache-2.0
scopeguard	1.2.0	MIT OR Apache-2.0
scrap	0.5.0	MIT
sctk-adwaita	0.10.1	MIT
security-framework	3.7.0	MIT OR Apache-2.0
security-framework-sys	2.17.0	MIT OR Apache-2.0
self_cell	1.2.2	Apache-2.0 OR GPL-2.0-only
semver	1.0.27	MIT OR Apache-2.0
serde	1.0.228	MIT OR Apache-2.0
serde_core	1.0.228	MIT OR Apache-2.0
serde_derive	1.0.228	MIT OR Apache-2.0
serde_json	1.0.149	MIT OR Apache-2.0
serde_repr	0.1.20	MIT OR Apache-2.0
serde_spanned	1.0.4	MIT OR Apache-2.0
serde_urlencoded	0.7.1	MIT/Apache-2.0
sha1	0.10.6	MIT OR Apache-2.0
sha2	0.10.9	MIT OR Apache-2.0
sharded-slab	0.1.7	MIT
shlex	1.3.0	MIT OR Apache-2.0
signal-hook-registry	1.4.8	MIT OR Apache-2.0
signature	2.2.0	Apache-2.0 OR MIT
simd-adler32	0.3.8	MIT
simd_helpers	0.1.0	MIT
simplelog	0.12.2	MIT OR Apache-2.0
siphasher	1.0.2	MIT/Apache-2.0
sketches-ddsketch	0.3.0	Apache-2.0
sketches-ddsketch	0.3.1	Apache-2.0
skrifa	0.37.0	MIT OR Apache-2.0
skrifa	0.40.0	MIT OR Apache-2.0
slab	0.4.12	MIT
slotmap	1.1.1	Zlib
smallvec	1.15.1	MIT OR Apache-2.0
smithay-client-toolkit	0.19.2	MIT
smithay-client-toolkit	0.20.0	MIT
smithay-clipboard	0.7.3	MIT
smol_str	0.2.2	MIT OR Apache-2.0
smol_str	0.3.5	MIT OR Apache-2.0
socket2	0.6.2	MIT OR Apache-2.0
socket2	0.6.3	MIT OR Apache-2.0
sonora-aec3	0.1.0	BSD-3-Clause
sonora-common-audio	0.1.0	BSD-3-Clause
sonora-fft	0.1.0	BSD-3-Clause
sonora-simd	0.1.0	BSD-3-Clause
spin	0.9.8	MIT
spirv	0.3.0+sdk-1.3.268.0	Apache-2.0
spki	0.7.3	Apache-2.0 OR MIT
sqlx	0.8.6	MIT OR Apache-2.0
sqlx-core	0.8.6	MIT OR Apache-2.0
sqlx-macros	0.8.6	MIT OR Apache-2.0
sqlx-macros-core	0.8.6	MIT OR Apache-2.0
sqlx-mysql	0.8.6	MIT OR Apache-2.0
sqlx-postgres	0.8.6	MIT OR Apache-2.0
sqlx-sqlite	0.8.6	MIT OR Apache-2.0
stable_deref_trait	1.2.1	MIT OR Apache-2.0
static_assertions	1.1.0	MIT OR Apache-2.0
strength_reduce	0.2.4	MIT OR Apache-2.0
strict-num	0.1.1	MIT
stringprep	0.1.5	MIT/Apache-2.0
strsim	0.10.0	MIT
strsim	0.11.1	MIT
subtle	2.6.1	BSD-3-Clause
swash	0.2.6	Apache-2.0 OR MIT
syn	2.0.117	MIT OR Apache-2.0
synstructure	0.13.2	MIT
sys-locale	0.3.2	MIT OR Apache-2.0
sysinfo	0.37.2	MIT
system-deps	7.0.7	MIT OR Apache-2.0
target-lexicon	0.13.3	Apache-2.0 WITH LLVM-exception
tempfile	3.25.0	MIT OR Apache-2.0
tempfile	3.26.0	MIT OR Apache-2.0
termcolor	1.4.1	Unlicense OR MIT
textwrap	0.16.2	MIT
thiserror	1.0.69	MIT OR Apache-2.0
thiserror	2.0.18	MIT OR Apache-2.0
thiserror-impl	1.0.69	MIT OR Apache-2.0
thiserror-impl	2.0.18	MIT OR Apache-2.0
thread_local	1.1.9	MIT OR Apache-2.0
tiff	0.10.3	MIT
time	0.3.47	MIT OR Apache-2.0
time-core	0.1.8	MIT OR Apache-2.0
time-macros	0.2.27	MIT OR Apache-2.0
tiny-skia	0.11.4	BSD-3-Clause
tiny-skia-path	0.11.4	BSD-3-Clause
tinystr	0.8.2	Unicode-3.0
tinyvec	1.10.0	Zlib OR Apache-2.0 OR MIT
tinyvec_macros	0.1.1	MIT OR Apache-2.0 OR Zlib
tokio	1.49.0	MIT
tokio	1.50.0	MIT
tokio-macros	2.6.0	MIT
tokio-macros	2.6.1	MIT
tokio-rustls	0.26.4	MIT OR Apache-2.0
tokio-stream	0.1.18	MIT
tokio-util	0.7.18	MIT
toml	0.9.12+spec-1.1.0	MIT OR Apache-2.0
toml_datetime	0.7.5+spec-1.1.0	MIT OR Apache-2.0
toml_edit	0.23.10+spec-1.0.0	MIT OR Apache-2.0
toml_parser	1.0.9+spec-1.1.0	MIT OR Apache-2.0
toml_writer	1.0.6+spec-1.1.0	MIT OR Apache-2.0
tower-service	0.3.3	MIT
tracing	0.1.44	MIT
tracing-attributes	0.1.31	MIT
tracing-core	0.1.36	MIT
tracing-log	0.2.0	MIT
tracing-subscriber	0.3.22	MIT
transpose	0.2.3	MIT OR Apache-2.0
try-lock	0.2.5	MIT
ttf-parser	0.25.1	MIT OR Apache-2.0
type-map	0.5.1	MIT/Apache-2.0
typenum	1.19.0	MIT OR Apache-2.0
uds_windows	1.1.0	MIT
ulid	1.2.1	MIT
unicase	2.9.0	MIT OR Apache-2.0
unicode-bidi	0.3.18	MIT OR Apache-2.0
unicode-ident	1.0.24	(MIT OR Apache-2.0) AND Unicode-3.0
unicode-linebreak	0.1.5	Apache-2.0
unicode-normalization	0.1.25	MIT OR Apache-2.0
unicode-properties	0.1.4	MIT/Apache-2.0
unicode-script	0.5.8	MIT OR Apache-2.0
unicode-segmentation	1.12.0	MIT OR Apache-2.0
unicode-width	0.2.2	MIT OR Apache-2.0
unicode-xid	0.2.6	MIT OR Apache-2.0
untrusted	0.9.0	ISC
url	2.5.8	MIT OR Apache-2.0
utf8_iter	1.0.4	Apache-2.0 OR MIT
utf8parse	0.2.2	Apache-2.0 OR MIT
uuid	1.21.0	Apache-2.0 OR MIT
uuid	1.22.0	Apache-2.0 OR MIT
v_frame	0.3.9	BSD-2-Clause
valuable	0.1.1	MIT
vcpkg	0.2.15	MIT/Apache-2.0
version-compare	0.2.1	MIT
version_check	0.9.5	MIT/Apache-2.0
visibility	0.1.1	Zlib OR MIT OR Apache-2.0
vp-client	0.1.0	UNKNOWN
vp-control	0.1.0	UNKNOWN
vp-gateway	0.1.0	UNKNOWN
vp-media	0.1.0	UNKNOWN
vp-metrics	0.1.0	UNKNOWN
vp-netem	0.1.0	UNKNOWN
vp-route-hash	0.1.0	UNKNOWN
vp-soak	0.1.0	UNKNOWN
vp-voice	0.1.0	UNKNOWN
walkdir	2.5.0	Unlicense/MIT
want	0.3.1	MIT
wasapi	0.22.0	MIT
wasi	0.11.1+wasi-snapshot-preview1	Apache-2.0 WITH LLVM-exception OR Apache-2.0 OR MIT
wasip2	1.0.2+wasi-0.2.9	Apache-2.0 WITH LLVM-exception OR Apache-2.0 OR MIT
wasip3	0.4.0+wasi-0.3.0-rc-2026-01-06	Apache-2.0 WITH LLVM-exception OR Apache-2.0 OR MIT
wasite	0.1.0	Apache-2.0 OR BSL-1.0 OR MIT
wasm-bindgen	0.2.110	MIT OR Apache-2.0
wasm-bindgen	0.2.114	MIT OR Apache-2.0
wasm-bindgen-futures	0.4.60	MIT OR Apache-2.0
wasm-bindgen-macro	0.2.110	MIT OR Apache-2.0
wasm-bindgen-macro	0.2.114	MIT OR Apache-2.0
wasm-bindgen-macro-support	0.2.110	MIT OR Apache-2.0
wasm-bindgen-macro-support	0.2.114	MIT OR Apache-2.0
wasm-bindgen-shared	0.2.110	MIT OR Apache-2.0
wasm-bindgen-shared	0.2.114	MIT OR Apache-2.0
wasm-encoder	0.244.0	Apache-2.0 WITH LLVM-exception OR Apache-2.0 OR MIT
wasm-metadata	0.244.0	Apache-2.0 WITH LLVM-exception OR Apache-2.0 OR MIT
wasmparser	0.244.0	Apache-2.0 WITH LLVM-exception OR Apache-2.0 OR MIT
wayland-backend	0.3.12	MIT
wayland-client	0.31.12	MIT
wayland-csd-frame	0.3.0	MIT
wayland-cursor	0.31.12	MIT
wayland-protocols	0.32.10	MIT
wayland-protocols-experimental	20250721.0.1	MIT
wayland-protocols-misc	0.3.10	MIT
wayland-protocols-plasma	0.3.10	MIT
wayland-protocols-wlr	0.3.10	MIT
wayland-scanner	0.31.8	MIT
wayland-sys	0.31.8	MIT
web-sys	0.3.87	MIT OR Apache-2.0
web-sys	0.3.91	MIT OR Apache-2.0
web-time	1.1.0	MIT OR Apache-2.0
webbrowser	1.1.0	MIT OR Apache-2.0
webpki-root-certs	1.0.6	CDLA-Permissive-2.0
webpki-roots	0.26.11	CDLA-Permissive-2.0
webpki-roots	1.0.6	CDLA-Permissive-2.0
weezl	0.1.12	MIT OR Apache-2.0
wgpu	27.0.1	MIT OR Apache-2.0
wgpu-core	27.0.3	MIT OR Apache-2.0
wgpu-core-deps-apple	27.0.0	MIT OR Apache-2.0
wgpu-core-deps-emscripten	27.0.0	MIT OR Apache-2.0
wgpu-core-deps-windows-linux-android	27.0.0	MIT OR Apache-2.0
wgpu-hal	27.0.4	MIT OR Apache-2.0
wgpu-types	27.0.1	MIT OR Apache-2.0
whoami	1.6.1	Apache-2.0 OR BSL-1.0 OR MIT
winapi	0.2.8	MIT
winapi	0.3.9	MIT/Apache-2.0
winapi-i686-pc-windows-gnu	0.4.0	MIT/Apache-2.0
winapi-util	0.1.11	Unlicense OR MIT
winapi-x86_64-pc-windows-gnu	0.4.0	MIT/Apache-2.0
windowfunctions	0.1.1	MIT
windows	0.58.0	MIT OR Apache-2.0
windows	0.61.3	MIT OR Apache-2.0
windows	0.62.2	MIT OR Apache-2.0
windows-collections	0.2.0	MIT OR Apache-2.0
windows-collections	0.3.2	MIT OR Apache-2.0
windows-core	0.58.0	MIT OR Apache-2.0
windows-core	0.61.2	MIT OR Apache-2.0
windows-core	0.62.2	MIT OR Apache-2.0
windows-future	0.2.1	MIT OR Apache-2.0
windows-future	0.3.2	MIT OR Apache-2.0
windows-implement	0.58.0	MIT OR Apache-2.0
windows-implement	0.60.2	MIT OR Apache-2.0
windows-interface	0.58.0	MIT OR Apache-2.0
windows-interface	0.59.3	MIT OR Apache-2.0
windows-link	0.1.3	MIT OR Apache-2.0
windows-link	0.2.1	MIT OR Apache-2.0
windows-numerics	0.2.0	MIT OR Apache-2.0
windows-numerics	0.3.1	MIT OR Apache-2.0
windows-result	0.2.0	MIT OR Apache-2.0
windows-result	0.3.4	MIT OR Apache-2.0
windows-result	0.4.1	MIT OR Apache-2.0
windows-strings	0.1.0	MIT OR Apache-2.0
windows-strings	0.4.2	MIT OR Apache-2.0
windows-strings	0.5.1	MIT OR Apache-2.0
windows-sys	0.45.0	MIT OR Apache-2.0
windows-sys	0.48.0	MIT OR Apache-2.0
windows-sys	0.52.0	MIT OR Apache-2.0
windows-sys	0.59.0	MIT OR Apache-2.0
windows-sys	0.60.2	MIT OR Apache-2.0
windows-sys	0.61.2	MIT OR Apache-2.0
windows-targets	0.42.2	MIT OR Apache-2.0
windows-targets	0.48.5	MIT OR Apache-2.0
windows-targets	0.52.6	MIT OR Apache-2.0
windows-targets	0.53.5	MIT OR Apache-2.0
windows-threading	0.1.0	MIT OR Apache-2.0
windows-threading	0.2.1	MIT OR Apache-2.0
windows_aarch64_gnullvm	0.42.2	MIT OR Apache-2.0
windows_aarch64_gnullvm	0.48.5	MIT OR Apache-2.0
windows_aarch64_gnullvm	0.52.6	MIT OR Apache-2.0
windows_aarch64_gnullvm	0.53.1	MIT OR Apache-2.0
windows_aarch64_msvc	0.42.2	MIT OR Apache-2.0
windows_aarch64_msvc	0.48.5	MIT OR Apache-2.0
windows_aarch64_msvc	0.52.6	MIT OR Apache-2.0
windows_aarch64_msvc	0.53.1	MIT OR Apache-2.0
windows_i686_gnu	0.42.2	MIT OR Apache-2.0
windows_i686_gnu	0.48.5	MIT OR Apache-2.0
windows_i686_gnu	0.52.6	MIT OR Apache-2.0
windows_i686_gnu	0.53.1	MIT OR Apache-2.0
windows_i686_gnullvm	0.52.6	MIT OR Apache-2.0
windows_i686_gnullvm	0.53.1	MIT OR Apache-2.0
windows_i686_msvc	0.42.2	MIT OR Apache-2.0
windows_i686_msvc	0.48.5	MIT OR Apache-2.0
windows_i686_msvc	0.52.6	MIT OR Apache-2.0
windows_i686_msvc	0.53.1	MIT OR Apache-2.0
windows_x86_64_gnu	0.42.2	MIT OR Apache-2.0
windows_x86_64_gnu	0.48.5	MIT OR Apache-2.0
windows_x86_64_gnu	0.52.6	MIT OR Apache-2.0
windows_x86_64_gnu	0.53.1	MIT OR Apache-2.0
windows_x86_64_gnullvm	0.42.2	MIT OR Apache-2.0
windows_x86_64_gnullvm	0.48.5	MIT OR Apache-2.0
windows_x86_64_gnullvm	0.52.6	MIT OR Apache-2.0
windows_x86_64_gnullvm	0.53.1	MIT OR Apache-2.0
windows_x86_64_msvc	0.42.2	MIT OR Apache-2.0
windows_x86_64_msvc	0.48.5	MIT OR Apache-2.0
windows_x86_64_msvc	0.52.6	MIT OR Apache-2.0
windows_x86_64_msvc	0.53.1	MIT OR Apache-2.0
winit	0.30.12	Apache-2.0
winnow	0.7.14	MIT
wit-bindgen	0.51.0	Apache-2.0 WITH LLVM-exception OR Apache-2.0 OR MIT
wit-bindgen-core	0.51.0	Apache-2.0 WITH LLVM-exception OR Apache-2.0 OR MIT
wit-bindgen-rust	0.51.0	Apache-2.0 WITH LLVM-exception OR Apache-2.0 OR MIT
wit-bindgen-rust-macro	0.51.0	Apache-2.0 WITH LLVM-exception OR Apache-2.0 OR MIT
wit-component	0.244.0	Apache-2.0 WITH LLVM-exception OR Apache-2.0 OR MIT
wit-parser	0.244.0	Apache-2.0 WITH LLVM-exception OR Apache-2.0 OR MIT
writeable	0.6.2	Unicode-3.0
x11-dl	2.21.0	MIT
x11rb	0.13.2	MIT OR Apache-2.0
x11rb-protocol	0.13.2	MIT OR Apache-2.0
x509-parser	0.18.1	MIT OR Apache-2.0
xcursor	0.3.10	MIT
xkbcommon-dl	0.4.2	MIT
xkeysym	0.2.1	MIT OR Apache-2.0 OR Zlib
xml-rs	0.8.28	MIT
y4m	0.8.0	MIT
yasna	0.5.2	MIT OR Apache-2.0
yazi	0.2.1	Apache-2.0 OR MIT
yoke	0.8.1	Unicode-3.0
yoke-derive	0.8.1	Unicode-3.0
zbus	5.14.0	MIT
zbus-lockstep	0.5.2	MIT
zbus-lockstep-macros	0.5.2	MIT
zbus_macros	5.14.0	MIT
zbus_names	4.3.1	MIT
zbus_xml	5.1.0	MIT
zeno	0.3.3	Apache-2.0 OR MIT
zerocopy	0.8.39	BSD-2-Clause OR Apache-2.0 OR MIT
zerocopy	0.8.40	BSD-2-Clause OR Apache-2.0 OR MIT
zerocopy-derive	0.8.39	BSD-2-Clause OR Apache-2.0 OR MIT
zerocopy-derive	0.8.40	BSD-2-Clause OR Apache-2.0 OR MIT
zerofrom	0.1.6	Unicode-3.0
zerofrom-derive	0.1.6	Unicode-3.0
zeroize	1.8.2	Apache-2.0 OR MIT
zerotrie	0.2.3	Unicode-3.0
zerovec	0.11.5	Unicode-3.0
zerovec-derive	0.11.2	Unicode-3.0
zmij	1.0.21	MIT
zune-core	0.4.12	MIT OR Apache-2.0 OR Zlib
zune-core	0.5.1	MIT OR Apache-2.0 OR Zlib
zune-jpeg	0.4.21	MIT OR Apache-2.0 OR Zlib
zune-jpeg	0.5.12	MIT OR Apache-2.0 OR Zlib
zvariant	5.10.0	MIT
zvariant_derive	5.10.0	MIT
zvariant_utils	3.3.0	MIT
